V001;VALIDA;TCLE;publico_alvo;idade;RMC;Cidade;usa_SUS;Comunica_SUS;rede_privada;Comunica_rede_privada
17/08/2021 23:05:23;FALSE;Sim, aceito participar da pesquisa;Não;35;FALSE;IRACEMAPOLIS;Sim;Boa, porque familiar me ajuda;Sim;Boa, porque familiar me ajuda
18/08/2021 19:21:16;FALSE;Sim, aceito participar da pesquisa;Não;18;FALSE;CAPIVARI;Sim;Boa, porque familiar me ajuda;Não;NA
19/08/2021 10:24:58;FALSE;Sim, aceito participar da pesquisa;Não;38;FALSE;POCOS DE CALDAS;Não;NA;Sim;Ruim, não sabem LIBRAS e sou obrigado a oralizar
21/08/2021 15:22:00;FALSE;Sim, aceito participar da pesquisa;Não;37;FALSE;SAO JOSE DO RIO PARDO;Não;NA;Sim;Boa, porque familiar me ajuda
27/08/2021 13:25:27;FALSE;Sim, aceito participar da pesquisa;Não;64;FALSE;JUNDIAI;Não;NA;Sim;NA
03/09/2021 20:04:07;FALSE;Sim, aceito participar da pesquisa;Não;31;FALSE;CACHOEIRA DE MINAS MG;Não;NA;Não;NA
28/09/2021 12:35:29;FALSE;Sim, aceito participar da pesquisa;Não;32;FALSE;LIMEIRA;Sim;Ruim, não sabem LIBRAS e sou obrigado a oralizar;Sim;Ruim, não sabem LIBRAS e sou obrigado a oralizar
06/10/2021 19:52:44;FALSE;Sim, aceito participar da pesquisa;Não;28;FALSE;MEDINA MG;Sim;Ruim, não sabem LIBRAS e preciso escrever português;Sim;Ruim, não sabem LIBRAS e preciso escrever português
07/10/2021 15:16:22;FALSE;Sim, aceito participar da pesquisa;Não;34;FALSE;OSASCO;Sim;Boa, porque familiar me ajuda;Não;NA
13/10/2021 21:53:30;FALSE;Sim, aceito participar da pesquisa;Não;35;FALSE;SANTANA;Sim;Ruim, não sabem LIBRAS e preciso escrever português;Não;NA
13/10/2021 22:53:58;FALSE;Sim, aceito participar da pesquisa;Não;36;FALSE;BRASILIA, MORAVA CAMPINAS;Sim;Ruim, não sabem LIBRAS e preciso escrever português;Sim;Ruim, não sabem LIBRAS e preciso escrever português
18/08/2021 07:39:08;FALSE;NA;Não;68;TRUE;CAMPINAS;Sim;Ruim, não consigo comunicação;Não;NA
18/08/2021 14:09:05;FALSE;Sim, aceito participar da pesquisa;Não;41;TRUE;HORTOLANDIA;Sim;Ruim, não sabem LIBRAS e preciso escrever português;Não;NA
18/08/2021 22:17:35;FALSE;Sim, aceito participar da pesquisa;Não;40;TRUE;HORTOLANDIA;Sim;Ruim, não sabem LIBRAS e sou obrigado a oralizar;Sim;Ruim, não sabem LIBRAS e sou obrigado a oralizar
21/08/2021 23:32:19;FALSE;Sim, aceito participar da pesquisa;Não;76;TRUE;CAMPINAS;Não;NA;Sim;Boa, porque familiar me ajuda
23/08/2021 08:10:25;FALSE;Sim, aceito participar da pesquisa;Não;32;TRUE;CAMPINAS;Não;NA;Sim;NA
23/08/2021 08:17:06;FALSE;Sim, aceito participar da pesquisa;Não;64;TRUE;CAMPINAS;Sim;Ruim, não consigo comunicação;Sim;NA
23/08/2021 13:38:13;FALSE;Sim, aceito participar da pesquisa;Não;38;TRUE;PAULINIA;Não;NA;Sim;NA
01/09/2021 11:01:57;FALSE;Sim, aceito participar da pesquisa;Não;29;TRUE;CAMPINAS;Não;NA;Sim;Ruim, não consigo comunicação
22/09/2021 16:52:01;FALSE;Sim, aceito participar da pesquisa;Não;60;TRUE;CAMPINAS;Sim;NA;Não;NA
22/09/2021 16:55:45;FALSE;Sim, aceito participar da pesquisa;Não;-3;TRUE;CAMPINAS;Sim;NA;Sim;NA
06/10/2021 19:36:10;FALSE;NA;Não;37;TRUE;HORTOLANDIA;Sim;Boa, porque familiar me ajuda;Sim;Boa, porque familiar me ajuda
07/10/2021 23:41:07;FALSE;Sim, aceito participar da pesquisa;Não;40;TRUE;CAMPINAS;Sim;Boa, porque familiar me ajuda;Sim;Boa, porque familiar me ajuda
13/10/2021 23:32:18;FALSE;Sim, aceito participar da pesquisa;Não;47;TRUE;CAMPINAS;Sim;Ruim, não sabem LIBRAS e sou obrigado a oralizar;Sim;NA
22/08/2021 07:09:01;FALSE;NA;Sim;36;FALSE;SALTO;Sim;Ruim, não consigo comunicação;Não;NA
06/10/2021 19:25:44;FALSE;Sim, aceito participar da pesquisa;Sim;42;FALSE;GOIANIA GOIAS;Sim;NA;Não;NA
06/10/2021 19:41:58;FALSE;Sim, aceito participar da pesquisa;Sim;34;FALSE;SAO PAULO S;Sim;Ruim, não sabem LIBRAS e preciso escrever português;Sim;Ruim, não sabem LIBRAS e preciso escrever português
07/10/2021 01:00:02;FALSE;NA;Sim;68;FALSE;SAO VICENTE;Sim;Boa, porque familiar me ajuda;Não;NA
08/10/2021 08:25:21;FALSE;Sim, aceito participar da pesquisa;Sim;29;FALSE;MARILIA;Sim;Ruim, não sabem LIBRAS e preciso escrever português;Sim;Ruim, não sabem LIBRAS e preciso escrever português
19/08/2021 19:18:11;FALSE;Sim, aceito participar da pesquisa;Sim;16;TRUE;HORTOLANDIA;Não;NA;Sim;Ruim, não consigo comunicação
26/09/2021 22:23:51;FALSE;Sim, aceito participar da pesquisa;Sim;16;TRUE;CAMPINAS;Sim;Boa, tem intérprete que me ajuda;Sim;Ruim, não sabem LIBRAS e preciso escrever português
06/10/2021 19:53:23;FALSE;Sim, aceito participar da pesquisa;Sim;12;TRUE;CAMPINAS;Sim;Boa, tem intérprete que me ajuda;Sim;Boa, tem intérprete que me ajuda
26/08/2021 09:26:15;FALSE;NA;NA;NA;FALSE;NA;NA;NA;NA;NA
08/10/2021 20:34:59;FALSE;NA;NA;NA;FALSE;NA;NA;Boa, tem intérprete que me ajuda;NA;NA
07/10/2021 16:18:40;FALSE;NA;NA;30;TRUE;CAMPINAS;Sim;NA;Sim;NA
13/10/2021 19:10:17;FALSE;NA;NA;NA;TRUE;PAULINIA;Não;NA;Sim;Ruim, não sabem LIBRAS e sou obrigado a oralizar
17/08/2021 12:17:51;TRUE;Sim, aceito participar da pesquisa;Sim;19;FALSE;NA;Sim;Boa, o profissional de saúde sabe LIBRAS;Sim;Boa, tem intérprete que me ajuda
26/09/2021 17:43:15;TRUE;NA;Sim;NA;FALSE;NA;Não;NA;Não;NA
16/08/2021 20:23:13;TRUE;Sim, aceito participar da pesquisa;Sim;32;TRUE;SUMARE;Sim;Boa, porque familiar me ajuda;Sim;Boa, porque familiar me ajuda
17/08/2021 12:37:32;TRUE;Sim, aceito participar da pesquisa;Sim;42;TRUE;CAMPINAS;Sim;Ruim, não consigo comunicação;Sim;Ruim, não consigo comunicação
17/08/2021 16:53:13;TRUE;Sim, aceito participar da pesquisa;Sim;50;TRUE;HORTOLANDIA;Sim;Ruim, não sabem LIBRAS e sou obrigado a oralizar;Sim;Ruim, não sabem LIBRAS e sou obrigado a oralizar
17/08/2021 17:35:36;TRUE;Sim, aceito participar da pesquisa;Sim;34;TRUE;CAMPINAS;Sim;Ruim, não sabem LIBRAS e sou obrigado a oralizar;Não;NA
17/08/2021 20:13:30;TRUE;Sim, aceito participar da pesquisa;Sim;31;TRUE;CAMPINAS;Não;NA;Sim;Ruim, não sabem LIBRAS e sou obrigado a oralizar
17/08/2021 20:29:52;TRUE;Sim, aceito participar da pesquisa;Sim;29;TRUE;SUMARE;Sim;Ruim, não consigo comunicação;Não;NA
17/08/2021 20:56:37;TRUE;Sim, aceito participar da pesquisa;Sim;30;TRUE;CAMPINAS;Não;NA;Sim;Boa, o profissional de saúde sabe LIBRAS
17/08/2021 21:24:13;TRUE;Sim, aceito participar da pesquisa;Sim;60;TRUE;PAULINIA;Não;NA;Sim;Boa, porque familiar me ajuda
17/08/2021 23:21:46;TRUE;Sim, aceito participar da pesquisa;Sim;32;TRUE;SANTA BARBARA D OESTE;Não;NA;Não;NA
17/08/2021 23:35:59;TRUE;Sim, aceito participar da pesquisa;Sim;36;TRUE;CAMPINAS;Não;NA;Sim;Ruim, não sabem LIBRAS e preciso escrever português
18/08/2021 07:23:44;TRUE;Sim, aceito participar da pesquisa;Sim;50;TRUE;CAMPINAS;Sim;Ruim, não sabem LIBRAS e preciso escrever português;Não;NA
18/08/2021 09:34:22;TRUE;Sim, aceito participar da pesquisa;Sim;54;TRUE;CAMPINAS;Sim;Ruim, não sabem LIBRAS e sou obrigado a oralizar;Sim;Ruim, não sabem LIBRAS e sou obrigado a oralizar
18/08/2021 10:38:56;TRUE;Sim, aceito participar da pesquisa;Sim;42;TRUE;CAMPINAS;Sim;Boa, tem intérprete que me ajuda;Sim;Boa, porque familiar me ajuda
18/08/2021 10:50:45;TRUE;Sim, aceito participar da pesquisa;Sim;61;TRUE;HORTOLANDIA;Sim;Boa, porque familiar me ajuda;Sim;Boa, porque familiar me ajuda
18/08/2021 11:45:22;TRUE;Sim, aceito participar da pesquisa;Sim;38;TRUE;CAMPINAS;Sim;Ruim, não consigo comunicação;Não;NA
18/08/2021 13:27:47;TRUE;Sim, aceito participar da pesquisa;Sim;35;TRUE;VALINHOS;Sim;Ruim, não sabem LIBRAS e sou obrigado a oralizar;Sim;Boa, porque familiar me ajuda
18/08/2021 13:46:46;TRUE;NA;Sim;32;TRUE;JAGUARIUNA;Sim;Ruim, não sabem LIBRAS e preciso escrever português;Não;NA
18/08/2021 14:16:54;TRUE;Sim, aceito participar da pesquisa;Sim;34;TRUE;VALINHOS;Sim;Ruim, não sabem LIBRAS e sou obrigado a oralizar;Não;NA
18/08/2021 14:20:10;TRUE;Sim, aceito participar da pesquisa;Sim;39;TRUE;JAGUARIUNA;Sim;Boa, o profissional de saúde sabe LIBRAS;Sim;Ruim, não sabem LIBRAS e preciso escrever português
18/08/2021 16:45:12;TRUE;Sim, aceito participar da pesquisa;Sim;58;TRUE;HORTOLANDIA;Sim;Ruim, não consigo comunicação;Sim;Ruim, não consigo comunicação
18/08/2021 16:48:06;TRUE;Sim, aceito participar da pesquisa;Sim;54;TRUE;HORTOLANDIA;Sim;Ruim, não sabem LIBRAS e sou obrigado a oralizar;Sim;Ruim, não sabem LIBRAS e sou obrigado a oralizar
18/08/2021 20:48:51;TRUE;Sim, aceito participar da pesquisa;Sim;42;TRUE;JAGUARIUNA;Sim;Ruim, não sabem LIBRAS e sou obrigado a oralizar;Não;NA
18/08/2021 21:21:58;TRUE;Sim, aceito participar da pesquisa;Sim;35;TRUE;CAMPINAS;Sim;Ruim, não sabem LIBRAS e preciso escrever português;Sim;Ruim, não sabem LIBRAS e preciso escrever português
18/08/2021 21:46:24;TRUE;Sim, aceito participar da pesquisa;Sim;35;TRUE;CAMPINAS;Sim;Ruim, não sabem LIBRAS e sou obrigado a oralizar;Sim;Ruim, não sabem LIBRAS e sou obrigado a oralizar
19/08/2021 08:43:32;TRUE;Sim, aceito participar da pesquisa;Sim;32;TRUE;CAMPINAS;Não;NA;Sim;Ruim, não sabem LIBRAS e preciso escrever português
19/08/2021 12:37:33;TRUE;Sim, aceito participar da pesquisa;Sim;30;TRUE;VALINHOS;Sim;Ruim, não sabem LIBRAS e sou obrigado a oralizar;Não;NA
19/08/2021 18:51:54;TRUE;Sim, aceito participar da pesquisa;Sim;46;TRUE;SUMARE;Sim;Boa, porque familiar me ajuda;Sim;Boa, tem intérprete que me ajuda
19/08/2021 21:59:47;TRUE;Sim, aceito participar da pesquisa;Sim;48;TRUE;HORTOLANDIA;Não;NA;Não;NA
21/08/2021 09:01:49;TRUE;Sim, aceito participar da pesquisa;Sim;32;TRUE;CAMPINAS;Não;NA;Sim;Ruim, não sabem LIBRAS e sou obrigado a oralizar
21/08/2021 12:28:37;TRUE;Sim, aceito participar da pesquisa;Sim;52;TRUE;CAMPINAS;Não;NA;Sim;Boa, tem intérprete que me ajuda
21/08/2021 13:24:39;TRUE;NA;Sim;47;TRUE;CAMPINAS;Não;NA;Sim;Ruim, não sabem LIBRAS e sou obrigado a oralizar
21/08/2021 19:18:28;TRUE;NA;Sim;53;TRUE;CAMPINAS;Sim;Boa, porque familiar me ajuda;Não;NA
21/08/2021 20:46:37;TRUE;Sim, aceito participar da pesquisa;Sim;52;TRUE;SUMARE;Não;NA;Sim;Ruim, não sabem LIBRAS e sou obrigado a oralizar
22/08/2021 10:39:28;TRUE;Sim, aceito participar da pesquisa;Sim;32;TRUE;INDAIATUBA;Sim;Boa, tem intérprete que me ajuda;Sim;Boa, tem intérprete que me ajuda
22/08/2021 12:00:13;TRUE;Sim, aceito participar da pesquisa;Sim;44;TRUE;COSMOPOLIS;Sim;Boa, porque familiar me ajuda;Sim;Boa, porque familiar me ajuda
22/08/2021 13:14:32;TRUE;Sim, aceito participar da pesquisa;Sim;35;TRUE;VALINHOS;Não;NA;Sim;Ruim, não sabem LIBRAS e sou obrigado a oralizar
22/08/2021 13:48:35;TRUE;Sim, aceito participar da pesquisa;Sim;32;TRUE;NOVA ODESSA;Não;NA;Sim;Ruim, não sabem LIBRAS e preciso escrever português
22/08/2021 15:32:40;TRUE;Sim, aceito participar da pesquisa;Sim;50;TRUE;AMERICANA;Não;NA;Sim;Boa, tem intérprete que me ajuda
22/08/2021 17:14:46;TRUE;Sim, aceito participar da pesquisa;Sim;41;TRUE;CAMPINAS;Sim;Ruim, não consigo comunicação;Sim;Ruim, não consigo comunicação
23/08/2021 00:31:22;TRUE;Sim, aceito participar da pesquisa;Sim;20;TRUE;INDAIATUBA;Não;NA;Sim;Ruim, não consigo comunicação
23/08/2021 07:49:14;TRUE;Sim, aceito participar da pesquisa;Sim;45;TRUE;CAMPINAS;Não;NA;Sim;Ruim, não sabem LIBRAS e sou obrigado a oralizar
23/08/2021 08:47:14;TRUE;Sim, aceito participar da pesquisa;Sim;63;TRUE;CAMPINAS;Sim;Ruim, não sabem LIBRAS e sou obrigado a oralizar;Sim;Ruim, não sabem LIBRAS e sou obrigado a oralizar
23/08/2021 11:33:11;TRUE;Sim, aceito participar da pesquisa;Sim;34;TRUE;CAMPINAS;Sim;Boa, porque familiar me ajuda;Não;NA
23/08/2021 13:04:40;TRUE;Sim, aceito participar da pesquisa;Sim;53;TRUE;CAMPINAS;Não;NA;Sim;NA
23/08/2021 14:23:45;TRUE;Sim, aceito participar da pesquisa;Sim;31;TRUE;SUMARE;Não;NA;Sim;Ruim, não sabem LIBRAS e preciso escrever português
23/08/2021 22:10:43;TRUE;NA;Sim;31;TRUE;SANTA BARBARA D OESTE;Sim;Ruim, não sabem LIBRAS e preciso escrever português;Sim;Ruim, não sabem LIBRAS e preciso escrever português
24/08/2021 18:52:13;TRUE;Sim, aceito participar da pesquisa;Sim;30;TRUE;CAMPINAS;Sim;Ruim, não sabem LIBRAS e preciso escrever português;Sim;Ruim, não sabem LIBRAS e preciso escrever português
24/08/2021 19:18:12;TRUE;Sim, aceito participar da pesquisa;Sim;41;TRUE;HORTOLANDIA;Não;NA;Não;NA
24/08/2021 19:30:16;TRUE;Sim, aceito participar da pesquisa;Sim;36;TRUE;CAMPINAS;Sim;Boa, porque familiar me ajuda;Sim;Boa, porque familiar me ajuda
25/08/2021 15:46:20;TRUE;NA;Sim;43;TRUE;CAMPINAS;Sim;Boa, o profissional de saúde sabe LIBRAS;Sim;Ruim, não sabem LIBRAS e sou obrigado a oralizar
25/08/2021 16:33:17;TRUE;Sim, aceito participar da pesquisa;Sim;32;TRUE;CAMPINAS;Não;NA;Sim;Ruim, não sabem LIBRAS e preciso escrever português
26/08/2021 10:56:52;TRUE;Sim, aceito participar da pesquisa;Sim;23;TRUE;CAMPINAS;Sim;Boa, porque familiar me ajuda;Não;NA
26/08/2021 14:21:25;TRUE;Sim, aceito participar da pesquisa;Sim;47;TRUE;SUMARE;Não;NA;Sim;Ruim, não sabem LIBRAS e sou obrigado a oralizar
26/08/2021 14:23:32;TRUE;Sim, aceito participar da pesquisa;Sim;28;TRUE;CAMPINAS;Sim;Ruim, não sabem LIBRAS e sou obrigado a oralizar;Sim;Ruim, não sabem LIBRAS e sou obrigado a oralizar
26/08/2021 17:43:13;TRUE;Sim, aceito participar da pesquisa;Sim;37;TRUE;PAULINIA;Sim;Ruim, não consigo comunicação;Não;NA
26/08/2021 17:56:10;TRUE;Sim, aceito participar da pesquisa;Sim;36;TRUE;PAULINIA;Sim;Ruim, não consigo comunicação;Não;NA
26/08/2021 19:25:14;TRUE;Sim, aceito participar da pesquisa;Sim;37;TRUE;AMERICANA;Sim;Boa, porque familiar me ajuda;Sim;Boa, porque familiar me ajuda
26/08/2021 21:23:29;TRUE;Sim, aceito participar da pesquisa;Sim;21;TRUE;CAMPINAS;Sim;Ruim, não consigo comunicação;Sim;Ruim, não consigo comunicação
26/08/2021 22:30:38;TRUE;NA;Sim;42;TRUE;CAMPINAS;Sim;Boa, tem intérprete que me ajuda;Não;NA
27/08/2021 10:26:29;TRUE;Sim, aceito participar da pesquisa;Sim;22;TRUE;CAMPINAS;Sim;Ruim, não sabem LIBRAS e preciso escrever português;Sim;Ruim, não sabem LIBRAS e preciso escrever português
28/08/2021 15:13:01;TRUE;Sim, aceito participar da pesquisa;Sim;36;TRUE;CAMPINAS;Sim;Ruim, não sabem LIBRAS e sou obrigado a oralizar;Sim;Ruim, não sabem LIBRAS e sou obrigado a oralizar
29/08/2021 05:10:31;TRUE;Sim, aceito participar da pesquisa;Sim;40;TRUE;CAMPINAS;Sim;Ruim, não consigo comunicação;Sim;Ruim, não consigo comunicação
29/08/2021 08:23:00;TRUE;NA;Sim;47;TRUE;PAULINIA;Sim;Ruim, não consigo comunicação;Sim;Ruim, não consigo comunicação
29/08/2021 09:30:33;TRUE;Sim, aceito participar da pesquisa;Sim;45;TRUE;PAULINIA;Sim;Ruim, não sabem LIBRAS e sou obrigado a oralizar;Sim;Ruim, não sabem LIBRAS e sou obrigado a oralizar
30/08/2021 14:41:45;TRUE;Sim, aceito participar da pesquisa;Sim;26;TRUE;SUMARE;Sim;Ruim, não sabem LIBRAS e preciso escrever português;Sim;Ruim, não sabem LIBRAS e preciso escrever português
31/08/2021 19:42:00;TRUE;Sim, aceito participar da pesquisa;Sim;34;TRUE;CAMPINAS;Sim;Boa, porque familiar me ajuda;Sim;Boa, porque familiar me ajuda
01/09/2021 09:02:48;TRUE;Sim, aceito participar da pesquisa;Sim;42;TRUE;HORTOLANDIA;Sim;Ruim, não sabem LIBRAS e sou obrigado a oralizar;Não;NA
03/09/2021 08:07:52;TRUE;Sim, aceito participar da pesquisa;Sim;41;TRUE;VALINHOS;Sim;Boa, porque familiar me ajuda;Sim;Boa, porque familiar me ajuda
03/09/2021 09:44:05;TRUE;Sim, aceito participar da pesquisa;Sim;42;TRUE;NOVA ODESSA;Sim;Ruim, não sabem LIBRAS e preciso escrever português;Sim;Ruim, não sabem LIBRAS e preciso escrever português
03/09/2021 10:05:55;TRUE;Sim, aceito participar da pesquisa;Sim;33;TRUE;AMPARO;Sim;Ruim, não sabem LIBRAS e preciso escrever português;Sim;Ruim, não consigo comunicação
07/09/2021 02:54:16;TRUE;Sim, aceito participar da pesquisa;Sim;23;TRUE;CAMPINAS;Sim;Ruim, não sabem LIBRAS e sou obrigado a oralizar;Sim;Ruim, não sabem LIBRAS e sou obrigado a oralizar
08/09/2021 15:12:39;TRUE;Sim, aceito participar da pesquisa;Sim;30;TRUE;CAMPINAS;Sim;Boa, porque familiar me ajuda;Sim;Boa, porque familiar me ajuda
08/09/2021 17:40:59;TRUE;Sim, aceito participar da pesquisa;Sim;22;TRUE;CAMPINAS;Sim;Ruim, não consigo comunicação;Não;NA
10/09/2021 22:14:00;TRUE;Sim, aceito participar da pesquisa;Sim;50;TRUE;HORTOLANDIA;Sim;Ruim, não consigo comunicação;Sim;Ruim, não consigo comunicação
22/09/2021 14:54:02;TRUE;Sim, aceito participar da pesquisa;Sim;29;TRUE;VALINHOS;Não;NA;Sim;Ruim, não sabem LIBRAS e preciso escrever português
22/09/2021 17:13:40;TRUE;Sim, aceito participar da pesquisa;Sim;53;TRUE;CAMPINAS;Não;NA;Sim;Ruim, não sabem LIBRAS e sou obrigado a oralizar
26/09/2021 11:21:25;TRUE;NA;Sim;52;TRUE;CAMPINAS;Sim;Ruim, não sabem LIBRAS e preciso escrever português;Sim;Ruim, não sabem LIBRAS e preciso escrever português
26/09/2021 11:21:46;TRUE;NA;Sim;33;TRUE;MONTE MOR;Não;NA;Sim;Ruim, não consigo comunicação
26/09/2021 11:24:44;TRUE;NA;Sim;29;TRUE;SUMARE;Sim;Boa, porque familiar me ajuda;Sim;Boa, porque familiar me ajuda
26/09/2021 11:25:53;TRUE;Sim, aceito participar da pesquisa;Sim;50;TRUE;CAMPINAS;Sim;Boa, porque familiar me ajuda;Não;NA
26/09/2021 11:41:24;TRUE;Sim, aceito participar da pesquisa;Sim;30;TRUE;CAMPINAS;Sim;Ruim, não sabem LIBRAS e preciso escrever português;Sim;Ruim, não sabem LIBRAS e preciso escrever português
26/09/2021 17:18:39;TRUE;Sim, aceito participar da pesquisa;Sim;31;TRUE;SUMARE;Sim;Ruim, não sabem LIBRAS e sou obrigado a oralizar;Sim;Ruim, não consigo comunicação
26/09/2021 20:05:21;TRUE;Sim, aceito participar da pesquisa;Sim;31;TRUE;SUMARE;Sim;Ruim, não consigo comunicação;Sim;Ruim, não consigo comunicação
26/09/2021 21:19:49;TRUE;Sim, aceito participar da pesquisa;Sim;26;TRUE;CAMPINAS;Sim;Ruim, não consigo comunicação;Sim;Ruim, não consigo comunicação
26/09/2021 22:49:22;TRUE;Sim, aceito participar da pesquisa;Sim;52;TRUE;CAMPINAS;Sim;Ruim, não sabem LIBRAS e preciso escrever português;Sim;Ruim, não sabem LIBRAS e preciso escrever português
26/09/2021 22:55:22;TRUE;Sim, aceito participar da pesquisa;Sim;52;TRUE;CAMPINAS;Sim;Boa, tem intérprete que me ajuda;Sim;Ruim, não sabem LIBRAS e preciso escrever português
27/09/2021 13:34:35;TRUE;Sim, aceito participar da pesquisa;Sim;62;TRUE;AMERICANA;Não;NA;Sim;Ruim, não sabem LIBRAS e sou obrigado a oralizar
27/09/2021 13:43:30;TRUE;Sim, aceito participar da pesquisa;Sim;71;TRUE;AMERICANA;Não;NA;Sim;Ruim, não sabem LIBRAS e sou obrigado a oralizar
27/09/2021 18:00:40;TRUE;Sim, aceito participar da pesquisa;Sim;29;TRUE;SUMARE;Sim;Ruim, não consigo comunicação;Sim;Ruim, não consigo comunicação
27/09/2021 19:34:55;TRUE;Sim, aceito participar da pesquisa;Sim;65;TRUE;HORTOLANDIA;Sim;Ruim, não consigo comunicação;Não;NA
28/09/2021 07:59:43;TRUE;Sim, aceito participar da pesquisa;Sim;34;TRUE;CAMPINAS;Sim;Ruim, não sabem LIBRAS e sou obrigado a oralizar;Sim;Ruim, não sabem LIBRAS e sou obrigado a oralizar
28/09/2021 19:31:39;TRUE;Sim, aceito participar da pesquisa;Sim;25;TRUE;HORTOLANDIA;Sim;Boa, porque familiar me ajuda;Sim;Boa, tem intérprete que me ajuda
29/09/2021 20:46:27;TRUE;Sim, aceito participar da pesquisa;Sim;50;TRUE;SUMARE;Sim;Ruim, não consigo comunicação;Não;NA
29/09/2021 20:59:08;TRUE;Sim, aceito participar da pesquisa;Sim;34;TRUE;CAMPINAS;Sim;Ruim, não consigo comunicação;Não;NA
29/09/2021 21:08:00;TRUE;Sim, aceito participar da pesquisa;Sim;52;TRUE;CAMPINAS;Sim;Boa, porque familiar me ajuda;Não;NA
06/10/2021 18:15:53;TRUE;Sim, aceito participar da pesquisa;Sim;39;TRUE;CAMPINAS;Sim;Ruim, não consigo comunicação;Sim;Ruim, não consigo comunicação
06/10/2021 18:16:24;TRUE;Sim, aceito participar da pesquisa;Sim;42;TRUE;HORTOLANDIA;Sim;Ruim, não sabem LIBRAS e preciso escrever português;Sim;Ruim, não sabem LIBRAS e sou obrigado a oralizar
06/10/2021 18:20:57;TRUE;NA;Sim;34;TRUE;HORTOLANDIA;Sim;Ruim, não sabem LIBRAS e sou obrigado a oralizar;Sim;Ruim, não consigo comunicação
06/10/2021 18:33:00;TRUE;Sim, aceito participar da pesquisa;Sim;43;TRUE;CAMPINAS;Não;NA;Sim;Boa, porque familiar me ajuda
06/10/2021 18:35:46;TRUE;Sim, aceito participar da pesquisa;Sim;43;TRUE;PAULINIA;Sim;Boa, porque familiar me ajuda;Sim;Boa, porque familiar me ajuda
06/10/2021 18:42:31;TRUE;Sim, aceito participar da pesquisa;Sim;33;TRUE;INDAIATUBA;Sim;Ruim, não consigo comunicação;Sim;Ruim, não consigo comunicação
06/10/2021 18:49:38;TRUE;Sim, aceito participar da pesquisa;Sim;49;TRUE;CAMPINAS;Não;NA;Sim;Ruim, não consigo comunicação
06/10/2021 18:52:24;TRUE;Sim, aceito participar da pesquisa;Sim;32;TRUE;CAMPINAS;Não;NA;Sim;Ruim, não consigo comunicação
06/10/2021 18:54:12;TRUE;Sim, aceito participar da pesquisa;Sim;27;TRUE;HORTOLANDIA;Sim;Ruim, não sabem LIBRAS e sou obrigado a oralizar;Sim;Ruim, não sabem LIBRAS e sou obrigado a oralizar
06/10/2021 18:56:08;TRUE;Sim, aceito participar da pesquisa;Sim;46;TRUE;CAMPINAS;Sim;Ruim, não sabem LIBRAS e preciso escrever português;Não;NA
06/10/2021 18:59:26;TRUE;Sim, aceito participar da pesquisa;Sim;43;TRUE;HORTOLANDIA;Sim;Ruim, não sabem LIBRAS e preciso escrever português;Sim;Ruim, não sabem LIBRAS e preciso escrever português
06/10/2021 19:06:34;TRUE;NA;Sim;46;TRUE;SUMARE;Sim;Boa, tem intérprete que me ajuda;Sim;Boa, tem intérprete que me ajuda
06/10/2021 19:06:50;TRUE;Sim, aceito participar da pesquisa;Sim;27;TRUE;CAMPINAS;Sim;Boa, porque familiar me ajuda;Sim;Ruim, não consigo comunicação
06/10/2021 19:08:36;TRUE;Sim, aceito participar da pesquisa;Sim;32;TRUE;SANTA BARBARA D OESTE;Sim;Ruim, não sabem LIBRAS e sou obrigado a oralizar;Sim;Ruim, não sabem LIBRAS e sou obrigado a oralizar
06/10/2021 19:10:58;TRUE;Sim, aceito participar da pesquisa;Sim;29;TRUE;CAMPINAS;Não;NA;Sim;Ruim, não sabem LIBRAS e sou obrigado a oralizar
06/10/2021 19:11:38;TRUE;Sim, aceito participar da pesquisa;Sim;66;TRUE;CAMPINAS;Sim;Ruim, não sabem LIBRAS e preciso escrever português;Sim;Ruim, não sabem LIBRAS e preciso escrever português
06/10/2021 19:11:48;TRUE;Sim, aceito participar da pesquisa;Sim;52;TRUE;CAMPINAS;Sim;Ruim, não consigo comunicação;Sim;Ruim, não consigo comunicação
06/10/2021 19:12:40;TRUE;NA;Sim;52;TRUE;CAMPINAS;Não;NA;Sim;NA
06/10/2021 19:13:31;TRUE;Sim, aceito participar da pesquisa;Sim;25;TRUE;HORTOLANDIA;Sim;Boa, tem intérprete que me ajuda;Sim;Boa, tem intérprete que me ajuda
06/10/2021 19:15:09;TRUE;Sim, aceito participar da pesquisa;Sim;23;TRUE;CAMPINAS;Sim;Boa, porque familiar me ajuda;Não;NA
06/10/2021 19:20:25;TRUE;Sim, aceito participar da pesquisa;Sim;53;TRUE;CAMPINAS;Sim;Ruim, não sabem LIBRAS e preciso escrever português;Não;NA
06/10/2021 19:21:35;TRUE;NA;Sim;44;TRUE;SUMARE;Sim;Boa, tem intérprete que me ajuda;Não;NA
06/10/2021 19:22:57;TRUE;Sim, aceito participar da pesquisa;Sim;40;TRUE;CAMPINAS;Sim;Ruim, não consigo comunicação;Sim;Ruim, não consigo comunicação
06/10/2021 19:23:46;TRUE;Sim, aceito participar da pesquisa;Sim;27;TRUE;HORTOLANDIA;Não;NA;Sim;Ruim, não consigo comunicação
06/10/2021 19:24:28;TRUE;Sim, aceito participar da pesquisa;Sim;28;TRUE;HORTOLANDIA;Sim;Ruim, não consigo comunicação;Não;NA
06/10/2021 19:25:59;TRUE;Sim, aceito participar da pesquisa;Sim;33;TRUE;NOVA ODESSA;Sim;Ruim, não consigo comunicação;Sim;Ruim, não consigo comunicação
06/10/2021 19:35:01;TRUE;Sim, aceito participar da pesquisa;Sim;29;TRUE;CAMPINAS;Não;NA;Sim;Boa, porque familiar me ajuda
06/10/2021 19:29:31;TRUE;Sim, aceito participar da pesquisa;Sim;44;TRUE;CAMPINAS;Sim;Boa, tem intérprete que me ajuda;Sim;Ruim, não consigo comunicação
06/10/2021 19:35:30;TRUE;Sim, aceito participar da pesquisa;Sim;36;TRUE;CAMPINAS;Sim;Boa, tem intérprete que me ajuda;Não;NA
06/10/2021 19:36:39;TRUE;Sim, aceito participar da pesquisa;Sim;46;TRUE;CAMPINAS;Sim;Boa, tem intérprete que me ajuda;Sim;Boa, tem intérprete que me ajuda
06/10/2021 19:39:54;TRUE;Sim, aceito participar da pesquisa;Sim;35;TRUE;CAMPINAS;Sim;Ruim, não sabem LIBRAS e sou obrigado a oralizar;Sim;Ruim, não consigo comunicação
06/10/2021 19:54:18;TRUE;Sim, aceito participar da pesquisa;Sim;29;TRUE;VALINHOS;Não;NA;Sim;Boa, porque familiar me ajuda
06/10/2021 19:56:08;TRUE;Sim, aceito participar da pesquisa;Sim;26;TRUE;CAMPINAS;Sim;Ruim, não sabem LIBRAS e preciso escrever português;Não;NA
06/10/2021 19:58:31;TRUE;Sim, aceito participar da pesquisa;Sim;40;TRUE;CAMPINAS;Sim;Ruim, não consigo comunicação;Sim;Ruim, não consigo comunicação
06/10/2021 20:01:34;TRUE;Sim, aceito participar da pesquisa;Sim;50;TRUE;CAMPINAS;Sim;Boa, porque familiar me ajuda;Não;NA
06/10/2021 20:02:42;TRUE;Sim, aceito participar da pesquisa;Sim;35;TRUE;SUMARE;Sim;Ruim, não sabem LIBRAS e sou obrigado a oralizar;Sim;Ruim, não sabem LIBRAS e sou obrigado a oralizar
06/10/2021 20:03:36;TRUE;Sim, aceito participar da pesquisa;Sim;34;TRUE;CAMPINAS;Sim;Ruim, não consigo comunicação;Sim;Ruim, não consigo comunicação
06/10/2021 20:08:38;TRUE;Sim, aceito participar da pesquisa;Sim;27;TRUE;CAMPINAS;Sim;Ruim, não consigo comunicação;Não;NA
06/10/2021 20:14:11;TRUE;Sim, aceito participar da pesquisa;Sim;37;TRUE;CAMPINAS;Não;NA;Não;NA
06/10/2021 20:15:37;TRUE;Sim, aceito participar da pesquisa;Sim;44;TRUE;CAMPINAS;Sim;Ruim, não consigo comunicação;Não;NA
06/10/2021 20:21:03;TRUE;Sim, aceito participar da pesquisa;Sim;50;TRUE;SUMARE;Não;NA;Sim;Ruim, não sabem LIBRAS e sou obrigado a oralizar
06/10/2021 20:21:05;TRUE;NA;Sim;36;TRUE;CAMPINAS;Sim;Boa, o profissional de saúde sabe LIBRAS;Sim;Ruim, não sabem LIBRAS e sou obrigado a oralizar
06/10/2021 20:42:54;TRUE;Sim, aceito participar da pesquisa;Sim;30;TRUE;HORTOLANDIA;Sim;Ruim, não consigo comunicação;Sim;Ruim, não consigo comunicação
06/10/2021 20:49:53;TRUE;Sim, aceito participar da pesquisa;Sim;NA;TRUE;SUMARE;Sim;Ruim, não consigo comunicação;Sim;Ruim, não consigo comunicação
06/10/2021 21:51:44;TRUE;Sim, aceito participar da pesquisa;Sim;28;TRUE;CAMPINAS;Não;NA;Sim;Ruim, não consigo comunicação
06/10/2021 21:53:35;TRUE;Sim, aceito participar da pesquisa;Sim;50;TRUE;HORTOLANDIA;Sim;Boa, porque familiar me ajuda;Sim;Boa, porque familiar me ajuda
06/10/2021 21:56:11;TRUE;Sim, aceito participar da pesquisa;Sim;33;TRUE;CAMPINAS;Não;NA;Não;NA
06/10/2021 21:58:38;TRUE;Sim, aceito participar da pesquisa;Sim;61;TRUE;HORTOLANDIA;Sim;Boa, porque familiar me ajuda;Sim;Boa, porque familiar me ajuda
06/10/2021 22:00:50;TRUE;Sim, aceito participar da pesquisa;Sim;37;TRUE;CAMPINAS;Sim;Boa, porque familiar me ajuda;Sim;Boa, porque familiar me ajuda
06/10/2021 22:04:48;TRUE;Sim, aceito participar da pesquisa;Sim;33;TRUE;CAMPINAS;Não;NA;Sim;Ruim, não sabem LIBRAS e sou obrigado a oralizar
06/10/2021 22:23:42;TRUE;Sim, aceito participar da pesquisa;Sim;NA;TRUE;AMPARO;Sim;Boa, porque familiar me ajuda;Sim;Boa, porque familiar me ajuda
06/10/2021 22:32:09;TRUE;Sim, aceito participar da pesquisa;Sim;41;TRUE;AMPARO;Sim;Boa, porque familiar me ajuda;Sim;Ruim, não consigo comunicação
06/10/2021 22:51:42;TRUE;NA;Sim;31;TRUE;HORTOLANDIA;Sim;NA;Sim;NA
06/10/2021 22:54:23;TRUE;Sim, aceito participar da pesquisa;Sim;33;TRUE;HORTOLANDIA;Sim;Ruim, não sabem LIBRAS e sou obrigado a oralizar;Sim;Ruim, não sabem LIBRAS e sou obrigado a oralizar
06/10/2021 23:26:49;TRUE;Sim, aceito participar da pesquisa;Sim;47;TRUE;CAMPINAS;Sim;Boa, tem intérprete que me ajuda;Sim;Boa, tem intérprete que me ajuda
07/10/2021 00:30:46;TRUE;Sim, aceito participar da pesquisa;Sim;37;TRUE;SUMARE;Sim;Boa, porque familiar me ajuda;Sim;Boa, porque familiar me ajuda
07/10/2021 01:18:29;TRUE;Sim, aceito participar da pesquisa;Sim;27;TRUE;HORTOLANDIA;Sim;Boa, tem intérprete que me ajuda;Sim;Boa, tem intérprete que me ajuda
07/10/2021 02:19:55;TRUE;Sim, aceito participar da pesquisa;Sim;46;TRUE;CAMPINAS;Sim;Boa, tem intérprete que me ajuda;Sim;Boa, o profissional de saúde sabe LIBRAS
07/10/2021 02:49:44;TRUE;Sim, aceito participar da pesquisa;Sim;38;TRUE;HORTOLANDIA;Sim;Boa, tem intérprete que me ajuda;Sim;Boa, tem intérprete que me ajuda
07/10/2021 02:53:39;TRUE;Sim, aceito participar da pesquisa;Sim;35;TRUE;HORTOLANDIA;Sim;Ruim, não consigo comunicação;Sim;Ruim, não consigo comunicação
07/10/2021 03:46:12;TRUE;Sim, aceito participar da pesquisa;Sim;36;TRUE;CAMPINAS;Sim;Ruim, não sabem LIBRAS e sou obrigado a oralizar;Sim;Ruim, não sabem LIBRAS e sou obrigado a oralizar
07/10/2021 06:24:23;TRUE;Sim, aceito participar da pesquisa;Sim;31;TRUE;VALINHOS;Sim;Boa, porque familiar me ajuda;Sim;Boa, porque familiar me ajuda
07/10/2021 07:00:20;TRUE;Sim, aceito participar da pesquisa;Sim;47;TRUE;SUMARE;Sim;Ruim, não consigo comunicação;Sim;Ruim, não consigo comunicação
07/10/2021 08:07:05;TRUE;Sim, aceito participar da pesquisa;Sim;29;TRUE;CAMPINAS;Sim;Ruim, não sabem LIBRAS e preciso escrever português;Sim;Ruim, não sabem LIBRAS e preciso escrever português
07/10/2021 08:17:08;TRUE;Sim, aceito participar da pesquisa;Sim;50;TRUE;HORTOLANDIA;Sim;Ruim, não sabem LIBRAS e sou obrigado a oralizar;Sim;Ruim, não sabem LIBRAS e sou obrigado a oralizar
07/10/2021 09:06:00;TRUE;Sim, aceito participar da pesquisa;Sim;40;TRUE;CAMPINAS;Sim;Ruim, não sabem LIBRAS e preciso escrever português;Sim;Ruim, não consigo comunicação
07/10/2021 09:19:40;TRUE;Sim, aceito participar da pesquisa;Sim;41;TRUE;HORTOLANDIA;Sim;Ruim, não sabem LIBRAS e sou obrigado a oralizar;Sim;Ruim, não sabem LIBRAS e sou obrigado a oralizar
07/10/2021 09:21:56;TRUE;Sim, aceito participar da pesquisa;Sim;27;TRUE;AMERICANA;Sim;Ruim, não sabem LIBRAS e sou obrigado a oralizar;Sim;Ruim, não sabem LIBRAS e preciso escrever português
07/10/2021 09:28:09;TRUE;Sim, aceito participar da pesquisa;Sim;44;TRUE;HORTOLANDIA;Sim;Ruim, não consigo comunicação;Sim;Ruim, não consigo comunicação
07/10/2021 11:02:05;TRUE;Sim, aceito participar da pesquisa;Sim;47;TRUE;CAMPINAS;Não;NA;Não;NA
07/10/2021 11:21:13;TRUE;Sim, aceito participar da pesquisa;Sim;42;TRUE;CAMPINAS;Sim;Ruim, não sabem LIBRAS e sou obrigado a oralizar;Sim;Ruim, não sabem LIBRAS e sou obrigado a oralizar
07/10/2021 11:45:42;TRUE;Sim, aceito participar da pesquisa;Sim;41;TRUE;SUMARE;Sim;Boa, porque familiar me ajuda;Sim;Boa, porque familiar me ajuda
07/10/2021 11:46:55;TRUE;Sim, aceito participar da pesquisa;Sim;24;TRUE;SUMARE;Sim;Ruim, não consigo comunicação;Sim;Ruim, não consigo comunicação
07/10/2021 11:53:17;TRUE;Sim, aceito participar da pesquisa;Sim;34;TRUE;CAMPINAS;Sim;Ruim, não sabem LIBRAS e preciso escrever português;Sim;Ruim, não sabem LIBRAS e preciso escrever português
07/10/2021 11:59:05;TRUE;Sim, aceito participar da pesquisa;Sim;40;TRUE;VALINHOS;Sim;Boa, porque familiar me ajuda;Sim;Boa, porque familiar me ajuda
07/10/2021 12:08:46;TRUE;Sim, aceito participar da pesquisa;Sim;30;TRUE;CAMPINAS;Sim;Ruim, não sabem LIBRAS e preciso escrever português;Sim;Ruim, não sabem LIBRAS e preciso escrever português
07/10/2021 12:10:03;TRUE;Sim, aceito participar da pesquisa;Sim;31;TRUE;CAMPINAS;Sim;Boa, tem intérprete que me ajuda;Sim;Boa, tem intérprete que me ajuda
07/10/2021 12:12:50;TRUE;Sim, aceito participar da pesquisa;Sim;31;TRUE;CAMPINAS;Sim;Ruim, não consigo comunicação;Sim;Ruim, não consigo comunicação
07/10/2021 12:33:50;TRUE;Sim, aceito participar da pesquisa;Sim;25;TRUE;CAMPINAS;Não;NA;Sim;Ruim, não consigo comunicação
07/10/2021 12:39:13;TRUE;Sim, aceito participar da pesquisa;Sim;36;TRUE;CAMPINAS;Sim;Ruim, não sabem LIBRAS e sou obrigado a oralizar;Sim;Ruim, não sabem LIBRAS e sou obrigado a oralizar
07/10/2021 12:40:50;TRUE;Sim, aceito participar da pesquisa;Sim;23;TRUE;CAMPINAS;Sim;Boa, porque familiar me ajuda;Sim;Boa, porque familiar me ajuda
07/10/2021 12:47:29;TRUE;Sim, aceito participar da pesquisa;Sim;22;TRUE;CAMPINAS;Sim;Ruim, não sabem LIBRAS e sou obrigado a oralizar;Sim;Ruim, não sabem LIBRAS e sou obrigado a oralizar
07/10/2021 13:02:15;TRUE;NA;Sim;33;TRUE;JAGUARIUNA;Sim;Boa, tem intérprete que me ajuda;Sim;Ruim, não sabem LIBRAS e preciso escrever português
07/10/2021 13:06:48;TRUE;Sim, aceito participar da pesquisa;Sim;33;TRUE;CAMPINAS;Sim;Ruim, não consigo comunicação;Sim;Ruim, não consigo comunicação
07/10/2021 13:41:51;TRUE;Sim, aceito participar da pesquisa;Sim;44;TRUE;CAMPINAS;Sim;Ruim, não sabem LIBRAS e preciso escrever português;Não;NA
07/10/2021 14:35:58;TRUE;Sim, aceito participar da pesquisa;Sim;48;TRUE;CAMPINAS;Sim;Ruim, não sabem LIBRAS e sou obrigado a oralizar;Sim;Ruim, não sabem LIBRAS e sou obrigado a oralizar
07/10/2021 15:56:27;TRUE;Sim, aceito participar da pesquisa;Sim;33;TRUE;CAMPINAS;Não;NA;Sim;Ruim, não consigo comunicação
07/10/2021 15:57:33;TRUE;NA;Sim;31;TRUE;MONTE MOR;Sim;Ruim, não sabem LIBRAS e sou obrigado a oralizar;Não;NA
07/10/2021 16:19:21;TRUE;Sim, aceito participar da pesquisa;Sim;28;TRUE;CAMPINAS;Não;NA;Sim;Ruim, não consigo comunicação
07/10/2021 17:10:02;TRUE;Sim, aceito participar da pesquisa;Sim;52;TRUE;HORTOLANDIA;Sim;Boa, porque familiar me ajuda;Sim;Ruim, não consigo comunicação
07/10/2021 17:15:49;TRUE;Sim, aceito participar da pesquisa;Sim;30;TRUE;HORTOLANDIA;Não;NA;Sim;Boa, porque familiar me ajuda
07/10/2021 17:30:00;TRUE;Sim, aceito participar da pesquisa;Sim;34;TRUE;HORTOLANDIA;Sim;Ruim, não sabem LIBRAS e preciso escrever português;Sim;Ruim, não sabem LIBRAS e preciso escrever português
07/10/2021 18:55:01;TRUE;NA;Sim;25;TRUE;CAMPINAS;Não;NA;Sim;Boa, porque familiar me ajuda
07/10/2021 19:21:14;TRUE;Sim, aceito participar da pesquisa;Sim;58;TRUE;CAMPINAS;Sim;Boa, porque familiar me ajuda;Sim;Boa, porque familiar me ajuda
07/10/2021 19:31:39;TRUE;Sim, aceito participar da pesquisa;Sim;67;TRUE;CAMPINAS;Sim;Ruim, não consigo comunicação;Sim;Ruim, não consigo comunicação
07/10/2021 19:47:13;TRUE;Sim, aceito participar da pesquisa;Sim;67;TRUE;CAMPINAS;Sim;Ruim, não consigo comunicação;Sim;Ruim, não consigo comunicação
07/10/2021 20:08:35;TRUE;Sim, aceito participar da pesquisa;Sim;75;TRUE;CAMPINAS;Sim;Ruim, não consigo comunicação;Sim;Ruim, não consigo comunicação
07/10/2021 20:41:50;TRUE;Sim, aceito participar da pesquisa;Sim;76;TRUE;CAMPINAS;Sim;Boa, porque familiar me ajuda;Sim;Boa, porque familiar me ajuda
07/10/2021 21:16:03;TRUE;Sim, aceito participar da pesquisa;Sim;27;TRUE;CAMPINAS;Sim;Boa, porque familiar me ajuda;Sim;Boa, porque familiar me ajuda
08/10/2021 11:13:07;TRUE;Sim, aceito participar da pesquisa;Sim;29;TRUE;HORTOLANDIA;Não;NA;Sim;Ruim, não sabem LIBRAS e preciso escrever português
08/10/2021 22:16:48;TRUE;NA;Sim;51;TRUE;HORTOLANDIA;Sim;Boa, tem intérprete que me ajuda;Não;NA
08/10/2021 22:21:17;TRUE;Sim, aceito participar da pesquisa;Sim;37;TRUE;CAMPINAS;Sim;Boa, porque familiar me ajuda;Não;NA
09/10/2021 09:54:18;TRUE;NA;Sim;40;TRUE;CAMPINAS;Não;NA;Sim;Boa, porque familiar me ajuda
09/10/2021 10:29:21;TRUE;NA;Sim;42;TRUE;CAMPINAS;Não;NA;Sim;Ruim, não consigo comunicação
09/10/2021 14:32:54;TRUE;Sim, aceito participar da pesquisa;Sim;38;TRUE;CAMPINAS;Sim;Ruim, não sabem LIBRAS e sou obrigado a oralizar;Não;NA
09/10/2021 21:34:50;TRUE;Sim, aceito participar da pesquisa;Sim;50;TRUE;CAMPINAS;Não;NA;Sim;Boa, tem intérprete que me ajuda
09/10/2021 21:46:04;TRUE;Sim, aceito participar da pesquisa;Sim;52;TRUE;CAMPINAS;Não;NA;Sim;Boa, tem intérprete que me ajuda
10/10/2021 14:50:18;TRUE;Sim, aceito participar da pesquisa;Sim;29;TRUE;AMERICANA;Não;NA;Sim;Ruim, não consigo comunicação
10/10/2021 14:54:53;TRUE;Sim, aceito participar da pesquisa;Sim;29;TRUE;AMERICANA;Não;NA;Sim;Ruim, não consigo comunicação
13/10/2021 05:08:50;TRUE;Sim, aceito participar da pesquisa;Sim;31;TRUE;CAMPINAS;Sim;Boa, tem intérprete que me ajuda;Sim;Ruim, não consigo comunicação
13/10/2021 14:07:07;TRUE;Sim, aceito participar da pesquisa;Sim;42;TRUE;SUMARE;Não;NA;Sim;Boa, porque familiar me ajuda
13/10/2021 14:14:25;TRUE;Sim, aceito participar da pesquisa;Sim;35;TRUE;HORTOLANDIA;Sim;Ruim, não sabem LIBRAS e sou obrigado a oralizar;Sim;Ruim, não sabem LIBRAS e sou obrigado a oralizar
13/10/2021 14:33:13;TRUE;Sim, aceito participar da pesquisa;Sim;40;TRUE;HORTOLANDIA;Sim;Ruim, não sabem LIBRAS e sou obrigado a oralizar;Sim;Ruim, não sabem LIBRAS e sou obrigado a oralizar
13/10/2021 18:31:48;TRUE;NA;Sim;42;TRUE;HORTOLANDIA;Sim;Ruim, não consigo comunicação;Sim;Ruim, não consigo comunicação
13/10/2021 18:33:39;TRUE;Sim, aceito participar da pesquisa;Sim;30;TRUE;CAMPINAS;Sim;Boa, tem intérprete que me ajuda;Não;NA
13/10/2021 19:40:08;TRUE;Sim, aceito participar da pesquisa;Sim;33;TRUE;PAULINIA;Sim;Ruim, não sabem LIBRAS e sou obrigado a oralizar;Sim;Ruim, não consigo comunicação
13/10/2021 21:17:24;TRUE;Sim, aceito participar da pesquisa;Sim;42;TRUE;CAMPINAS;Sim;Ruim, não sabem LIBRAS e sou obrigado a oralizar;Não;NA
13/10/2021 23:06:58;TRUE;Sim, aceito participar da pesquisa;Sim;49;TRUE;CAMPINAS;Não;NA;Sim;Ruim, não consigo comunicação
13/10/2021 23:38:10;TRUE;Sim, aceito participar da pesquisa;Sim;42;TRUE;HORTOLANDIA;Sim;Boa, porque familiar me ajuda;Sim;Boa, porque familiar me ajuda
14/10/2021 09:14:16;TRUE;Sim, aceito participar da pesquisa;Sim;27;TRUE;CAMPINAS;Sim;Boa, porque familiar me ajuda;Sim;Ruim, não consigo comunicação
14/10/2021 12:59:12;TRUE;Sim, aceito participar da pesquisa;Sim;21;TRUE;CAMPINAS;Sim;Ruim, não consigo comunicação;Não;NA
14/10/2021 14:51:42;TRUE;Sim, aceito participar da pesquisa;Sim;37;TRUE;CAMPINAS;Sim;Ruim, não sabem LIBRAS e preciso escrever português;Sim;Ruim, não sabem LIBRAS e preciso escrever português
14/10/2021 15:02:39;TRUE;Sim, aceito participar da pesquisa;Sim;44;TRUE;CAMPINAS;Não;NA;Sim;Ruim, não consigo comunicação
14/10/2021 17:15:06;TRUE;Sim, aceito participar da pesquisa;Sim;42;TRUE;SUMARE;Sim;Ruim, não consigo comunicação;Sim;Boa, tem intérprete que me ajuda
14/10/2021 17:24:02;TRUE;Sim, aceito participar da pesquisa;Sim;46;TRUE;SUMARE;Sim;Ruim, não consigo comunicação;Sim;Ruim, não consigo comunicação
14/10/2021 22:44:39;TRUE;Sim, aceito participar da pesquisa;Sim;41;TRUE;AMPARO;Sim;Boa, porque familiar me ajuda;Sim;Ruim, não consigo comunicação
15/10/2021 17:21:22;TRUE;NA;Sim;30;TRUE;CAMPINAS;Sim;Boa, tem intérprete que me ajuda;Não;NA
27/09/2021 14:16:00;TRUE;Sim, aceito participar da pesquisa;NA;46;TRUE;CAMPINAS;Não;NA;Sim;Boa, tem intérprete que me ajuda
